alt,,hate,anger,sadness,fear,disgust
time_series_emotions_neg_forecast_14_7_arima_p12_errors.csv,time_series_emotions_neg_forecast_14_7_mae_rmsprop_errors.csv,-,-,-,-,-
time_series_emotions_neg_forecast_14_7_arima_p12_errors.csv,time_series_emotions_neg_forecast_14_7_mae_sgd_errors.csv,-,-,-,-,-
time_series_emotions_neg_forecast_14_7_arima_p12_errors.csv,time_series_emotions_neg_forecast_14_7_mse_rmsprop_errors.csv,-,-,-,-,-
time_series_emotions_neg_forecast_14_7_arima_p12_errors.csv,time_series_emotions_neg_forecast_14_7_mse_sgd_errors.csv,-,-,-,-,-
time_series_emotions_neg_forecast_14_7_arima_p12_errors.csv,time_series_emotions_neg_forecast_14_7_prophet_errors.csv,-,-,-,-,-
time_series_emotions_neg_forecast_14_7_arima_p12_errors.csv,time_series_emotions_neg_forecast_14_7_var_p12_errors.csv,-,small,medium,-,medium
time_series_emotions_neg_forecast_14_7_arima_p12_errors.csv,time_series_emotions_neg_forecast_21_7_arima_p19_errors.csv,-,-,-,-,small
time_series_emotions_neg_forecast_14_7_arima_p12_errors.csv,time_series_emotions_neg_forecast_21_7_mae_rmsprop_errors.csv,-,-,-,-,-
time_series_emotions_neg_forecast_14_7_arima_p12_errors.csv,time_series_emotions_neg_forecast_21_7_mae_sgd_errors.csv,-,-,-,-,-
time_series_emotions_neg_forecast_14_7_arima_p12_errors.csv,time_series_emotions_neg_forecast_21_7_mse_rmsprop_errors.csv,-,-,-,-,-
time_series_emotions_neg_forecast_14_7_arima_p12_errors.csv,time_series_emotions_neg_forecast_21_7_mse_sgd_errors.csv,-,-,-,-,-
time_series_emotions_neg_forecast_14_7_arima_p12_errors.csv,time_series_emotions_neg_forecast_21_7_prophet_errors.csv,-,small,-,-,-
time_series_emotions_neg_forecast_14_7_arima_p12_errors.csv,time_series_emotions_neg_forecast_21_7_var_p19_errors.csv,-,small,small,-,medium
time_series_emotions_neg_forecast_14_7_arima_p12_errors.csv,time_series_emotions_neg_forecast_7_7_arima_p5_errors.csv,small,small,small,small,small
time_series_emotions_neg_forecast_14_7_arima_p12_errors.csv,time_series_emotions_neg_forecast_7_7_mae_rmsprop_errors.csv,-,-,-,-,-
time_series_emotions_neg_forecast_14_7_arima_p12_errors.csv,time_series_emotions_neg_forecast_7_7_mae_sgd_errors.csv,-,-,-,-,-
time_series_emotions_neg_forecast_14_7_arima_p12_errors.csv,time_series_emotions_neg_forecast_7_7_mse_rmsprop_errors.csv,-,-,-,-,-
time_series_emotions_neg_forecast_14_7_arima_p12_errors.csv,time_series_emotions_neg_forecast_7_7_mse_sgd_errors.csv,-,-,-,-,-
time_series_emotions_neg_forecast_14_7_arima_p12_errors.csv,time_series_emotions_neg_forecast_7_7_prophet_errors.csv,-,medium,small,small,small
time_series_emotions_neg_forecast_14_7_arima_p12_errors.csv,time_series_emotions_neg_forecast_7_7_var_p5_errors.csv,-,-,-,-,small
time_series_emotions_neg_forecast_14_7_mae_rmsprop_errors.csv,time_series_emotions_neg_forecast_14_7_arima_p12_errors.csv,small,small,small,small,small
time_series_emotions_neg_forecast_14_7_mae_rmsprop_errors.csv,time_series_emotions_neg_forecast_14_7_mae_sgd_errors.csv,-,-,-,-,-
time_series_emotions_neg_forecast_14_7_mae_rmsprop_errors.csv,time_series_emotions_neg_forecast_14_7_mse_rmsprop_errors.csv,negligible,negligible,-,-,-
time_series_emotions_neg_forecast_14_7_mae_rmsprop_errors.csv,time_series_emotions_neg_forecast_14_7_mse_sgd_errors.csv,-,-,-,-,-
time_series_emotions_neg_forecast_14_7_mae_rmsprop_errors.csv,time_series_emotions_neg_forecast_14_7_prophet_errors.csv,small,small,-,small,medium
time_series_emotions_neg_forecast_14_7_mae_rmsprop_errors.csv,time_series_emotions_neg_forecast_14_7_var_p12_errors.csv,-,medium,medium,-,large
time_series_emotions_neg_forecast_14_7_mae_rmsprop_errors.csv,time_series_emotions_neg_forecast_21_7_arima_p19_errors.csv,-,-,-,-,medium
time_series_emotions_neg_forecast_14_7_mae_rmsprop_errors.csv,time_series_emotions_neg_forecast_21_7_mae_rmsprop_errors.csv,-,-,small,-,-
time_series_emotions_neg_forecast_14_7_mae_rmsprop_errors.csv,time_series_emotions_neg_forecast_21_7_mae_sgd_errors.csv,-,-,-,-,-
time_series_emotions_neg_forecast_14_7_mae_rmsprop_errors.csv,time_series_emotions_neg_forecast_21_7_mse_rmsprop_errors.csv,-,-,-,-,-
time_series_emotions_neg_forecast_14_7_mae_rmsprop_errors.csv,time_series_emotions_neg_forecast_21_7_mse_sgd_errors.csv,-,-,-,-,-
time_series_emotions_neg_forecast_14_7_mae_rmsprop_errors.csv,time_series_emotions_neg_forecast_21_7_prophet_errors.csv,small,small,-,small,medium
time_series_emotions_neg_forecast_14_7_mae_rmsprop_errors.csv,time_series_emotions_neg_forecast_21_7_var_p19_errors.csv,-,small,medium,-,large
time_series_emotions_neg_forecast_14_7_mae_rmsprop_errors.csv,time_series_emotions_neg_forecast_7_7_arima_p5_errors.csv,medium,medium,medium,medium,medium
time_series_emotions_neg_forecast_14_7_mae_rmsprop_errors.csv,time_series_emotions_neg_forecast_7_7_mae_rmsprop_errors.csv,-,-,-,negligible,-
time_series_emotions_neg_forecast_14_7_mae_rmsprop_errors.csv,time_series_emotions_neg_forecast_7_7_mae_sgd_errors.csv,-,-,-,-,-
time_series_emotions_neg_forecast_14_7_mae_rmsprop_errors.csv,time_series_emotions_neg_forecast_7_7_mse_rmsprop_errors.csv,-,small,-,small,small
time_series_emotions_neg_forecast_14_7_mae_rmsprop_errors.csv,time_series_emotions_neg_forecast_7_7_mse_sgd_errors.csv,-,-,-,-,-
time_series_emotions_neg_forecast_14_7_mae_rmsprop_errors.csv,time_series_emotions_neg_forecast_7_7_prophet_errors.csv,small,medium,medium,medium,medium
time_series_emotions_neg_forecast_14_7_mae_rmsprop_errors.csv,time_series_emotions_neg_forecast_7_7_var_p5_errors.csv,-,-,-,-,medium
time_series_emotions_neg_forecast_14_7_mae_sgd_errors.csv,time_series_emotions_neg_forecast_14_7_arima_p12_errors.csv,small,medium,small,medium,small
time_series_emotions_neg_forecast_14_7_mae_sgd_errors.csv,time_series_emotions_neg_forecast_14_7_mae_rmsprop_errors.csv,-,small,-,small,-
time_series_emotions_neg_forecast_14_7_mae_sgd_errors.csv,time_series_emotions_neg_forecast_14_7_mse_rmsprop_errors.csv,small,medium,-,small,-
time_series_emotions_neg_forecast_14_7_mae_sgd_errors.csv,time_series_emotions_neg_forecast_14_7_mse_sgd_errors.csv,-,small,-,-,-
time_series_emotions_neg_forecast_14_7_mae_sgd_errors.csv,time_series_emotions_neg_forecast_14_7_prophet_errors.csv,small,medium,small,medium,medium
time_series_emotions_neg_forecast_14_7_mae_sgd_errors.csv,time_series_emotions_neg_forecast_14_7_var_p12_errors.csv,-,large,medium,small,large
time_series_emotions_neg_forecast_14_7_mae_sgd_errors.csv,time_series_emotions_neg_forecast_21_7_arima_p19_errors.csv,-,small,-,-,medium
time_series_emotions_neg_forecast_14_7_mae_sgd_errors.csv,time_series_emotions_neg_forecast_21_7_mae_rmsprop_errors.csv,-,small,small,small,-
time_series_emotions_neg_forecast_14_7_mae_sgd_errors.csv,time_series_emotions_neg_forecast_21_7_mae_sgd_errors.csv,-,-,-,negligible,negligible
time_series_emotions_neg_forecast_14_7_mae_sgd_errors.csv,time_series_emotions_neg_forecast_21_7_mse_rmsprop_errors.csv,-,small,-,small,-
time_series_emotions_neg_forecast_14_7_mae_sgd_errors.csv,time_series_emotions_neg_forecast_21_7_mse_sgd_errors.csv,-,-,-,-,negligible
time_series_emotions_neg_forecast_14_7_mae_sgd_errors.csv,time_series_emotions_neg_forecast_21_7_prophet_errors.csv,small,medium,-,medium,medium
time_series_emotions_neg_forecast_14_7_mae_sgd_errors.csv,time_series_emotions_neg_forecast_21_7_var_p19_errors.csv,-,medium,medium,small,large
time_series_emotions_neg_forecast_14_7_mae_sgd_errors.csv,time_series_emotions_neg_forecast_7_7_arima_p5_errors.csv,medium,medium,medium,medium,medium
time_series_emotions_neg_forecast_14_7_mae_sgd_errors.csv,time_series_emotions_neg_forecast_7_7_mae_rmsprop_errors.csv,-,small,-,small,-
time_series_emotions_neg_forecast_14_7_mae_sgd_errors.csv,time_series_emotions_neg_forecast_7_7_mae_sgd_errors.csv,-,small,-,small,-
time_series_emotions_neg_forecast_14_7_mae_sgd_errors.csv,time_series_emotions_neg_forecast_7_7_mse_rmsprop_errors.csv,-,medium,-,medium,-
time_series_emotions_neg_forecast_14_7_mae_sgd_errors.csv,time_series_emotions_neg_forecast_7_7_mse_sgd_errors.csv,negligible,small,-,small,-
time_series_emotions_neg_forecast_14_7_mae_sgd_errors.csv,time_series_emotions_neg_forecast_7_7_prophet_errors.csv,small,large,medium,large,medium
time_series_emotions_neg_forecast_14_7_mae_sgd_errors.csv,time_series_emotions_neg_forecast_7_7_var_p5_errors.csv,-,small,-,-,medium
time_series_emotions_neg_forecast_14_7_mse_rmsprop_errors.csv,time_series_emotions_neg_forecast_14_7_arima_p12_errors.csv,small,-,small,small,small
time_series_emotions_neg_forecast_14_7_mse_rmsprop_errors.csv,time_series_emotions_neg_forecast_14_7_mae_rmsprop_errors.csv,-,-,-,-,-
time_series_emotions_neg_forecast_14_7_mse_rmsprop_errors.csv,time_series_emotions_neg_forecast_14_7_mae_sgd_errors.csv,-,-,-,-,-
time_series_emotions_neg_forecast_14_7_mse_rmsprop_errors.csv,time_series_emotions_neg_forecast_14_7_mse_sgd_errors.csv,-,-,-,-,-
time_series_emotions_neg_forecast_14_7_mse_rmsprop_errors.csv,time_series_emotions_neg_forecast_14_7_prophet_errors.csv,small,-,small,small,medium
time_series_emotions_neg_forecast_14_7_mse_rmsprop_errors.csv,time_series_emotions_neg_forecast_14_7_var_p12_errors.csv,-,medium,medium,-,large
time_series_emotions_neg_forecast_14_7_mse_rmsprop_errors.csv,time_series_emotions_neg_forecast_21_7_arima_p19_errors.csv,-,-,-,-,medium
time_series_emotions_neg_forecast_14_7_mse_rmsprop_errors.csv,time_series_emotions_neg_forecast_21_7_mae_rmsprop_errors.csv,-,-,small,-,-
time_series_emotions_neg_forecast_14_7_mse_rmsprop_errors.csv,time_series_emotions_neg_forecast_21_7_mae_sgd_errors.csv,-,-,-,-,-
time_series_emotions_neg_forecast_14_7_mse_rmsprop_errors.csv,time_series_emotions_neg_forecast_21_7_mse_rmsprop_errors.csv,-,-,-,-,-
time_series_emotions_neg_forecast_14_7_mse_rmsprop_errors.csv,time_series_emotions_neg_forecast_21_7_mse_sgd_errors.csv,-,-,-,-,-
time_series_emotions_neg_forecast_14_7_mse_rmsprop_errors.csv,time_series_emotions_neg_forecast_21_7_prophet_errors.csv,small,small,-,small,medium
time_series_emotions_neg_forecast_14_7_mse_rmsprop_errors.csv,time_series_emotions_neg_forecast_21_7_var_p19_errors.csv,-,small,medium,-,large
time_series_emotions_neg_forecast_14_7_mse_rmsprop_errors.csv,time_series_emotions_neg_forecast_7_7_arima_p5_errors.csv,medium,small,medium,medium,medium
time_series_emotions_neg_forecast_14_7_mse_rmsprop_errors.csv,time_series_emotions_neg_forecast_7_7_mae_rmsprop_errors.csv,-,-,-,-,-
time_series_emotions_neg_forecast_14_7_mse_rmsprop_errors.csv,time_series_emotions_neg_forecast_7_7_mae_sgd_errors.csv,-,-,-,-,-
time_series_emotions_neg_forecast_14_7_mse_rmsprop_errors.csv,time_series_emotions_neg_forecast_7_7_mse_rmsprop_errors.csv,-,-,-,negligible,negligible
time_series_emotions_neg_forecast_14_7_mse_rmsprop_errors.csv,time_series_emotions_neg_forecast_7_7_mse_sgd_errors.csv,-,-,-,-,-
time_series_emotions_neg_forecast_14_7_mse_rmsprop_errors.csv,time_series_emotions_neg_forecast_7_7_prophet_errors.csv,small,medium,medium,medium,medium
time_series_emotions_neg_forecast_14_7_mse_rmsprop_errors.csv,time_series_emotions_neg_forecast_7_7_var_p5_errors.csv,-,-,-,-,medium
time_series_emotions_neg_forecast_14_7_mse_sgd_errors.csv,time_series_emotions_neg_forecast_14_7_arima_p12_errors.csv,small,medium,medium,medium,small
time_series_emotions_neg_forecast_14_7_mse_sgd_errors.csv,time_series_emotions_neg_forecast_14_7_mae_rmsprop_errors.csv,-,small,-,small,-
time_series_emotions_neg_forecast_14_7_mse_sgd_errors.csv,time_series_emotions_neg_forecast_14_7_mae_sgd_errors.csv,-,-,negligible,-,-
time_series_emotions_neg_forecast_14_7_mse_sgd_errors.csv,time_series_emotions_neg_forecast_14_7_mse_rmsprop_errors.csv,small,small,-,small,-
time_series_emotions_neg_forecast_14_7_mse_sgd_errors.csv,time_series_emotions_neg_forecast_14_7_prophet_errors.csv,small,medium,small,medium,medium
time_series_emotions_neg_forecast_14_7_mse_sgd_errors.csv,time_series_emotions_neg_forecast_14_7_var_p12_errors.csv,-,medium,large,small,large
time_series_emotions_neg_forecast_14_7_mse_sgd_errors.csv,time_series_emotions_neg_forecast_21_7_arima_p19_errors.csv,-,small,-,-,medium
time_series_emotions_neg_forecast_14_7_mse_sgd_errors.csv,time_series_emotions_neg_forecast_21_7_mae_rmsprop_errors.csv,-,small,small,-,-
time_series_emotions_neg_forecast_14_7_mse_sgd_errors.csv,time_series_emotions_neg_forecast_21_7_mae_sgd_errors.csv,-,-,negligible,-,-
time_series_emotions_neg_forecast_14_7_mse_sgd_errors.csv,time_series_emotions_neg_forecast_21_7_mse_rmsprop_errors.csv,-,small,small,small,-
time_series_emotions_neg_forecast_14_7_mse_sgd_errors.csv,time_series_emotions_neg_forecast_21_7_mse_sgd_errors.csv,-,-,negligible,negligible,negligible
time_series_emotions_neg_forecast_14_7_mse_sgd_errors.csv,time_series_emotions_neg_forecast_21_7_prophet_errors.csv,small,medium,small,medium,medium
time_series_emotions_neg_forecast_14_7_mse_sgd_errors.csv,time_series_emotions_neg_forecast_21_7_var_p19_errors.csv,-,medium,medium,small,large
time_series_emotions_neg_forecast_14_7_mse_sgd_errors.csv,time_series_emotions_neg_forecast_7_7_arima_p5_errors.csv,medium,medium,medium,medium,medium
time_series_emotions_neg_forecast_14_7_mse_sgd_errors.csv,time_series_emotions_neg_forecast_7_7_mae_rmsprop_errors.csv,-,small,small,small,-
time_series_emotions_neg_forecast_14_7_mse_sgd_errors.csv,time_series_emotions_neg_forecast_7_7_mae_sgd_errors.csv,-,small,small,-,-
time_series_emotions_neg_forecast_14_7_mse_sgd_errors.csv,time_series_emotions_neg_forecast_7_7_mse_rmsprop_errors.csv,-,medium,small,small,-
time_series_emotions_neg_forecast_14_7_mse_sgd_errors.csv,time_series_emotions_neg_forecast_7_7_mse_sgd_errors.csv,negligible,small,-,small,-
time_series_emotions_neg_forecast_14_7_mse_sgd_errors.csv,time_series_emotions_neg_forecast_7_7_prophet_errors.csv,small,large,medium,large,medium
time_series_emotions_neg_forecast_14_7_mse_sgd_errors.csv,time_series_emotions_neg_forecast_7_7_var_p5_errors.csv,-,small,small,-,medium
time_series_emotions_neg_forecast_14_7_prophet_errors.csv,time_series_emotions_neg_forecast_14_7_arima_p12_errors.csv,-,-,small,-,-
time_series_emotions_neg_forecast_14_7_prophet_errors.csv,time_series_emotions_neg_forecast_14_7_mae_rmsprop_errors.csv,-,-,-,-,-
time_series_emotions_neg_forecast_14_7_prophet_errors.csv,time_series_emotions_neg_forecast_14_7_mae_sgd_errors.csv,-,-,-,-,-
time_series_emotions_neg_forecast_14_7_prophet_errors.csv,time_series_emotions_neg_forecast_14_7_mse_rmsprop_errors.csv,-,-,-,-,-
time_series_emotions_neg_forecast_14_7_prophet_errors.csv,time_series_emotions_neg_forecast_14_7_mse_sgd_errors.csv,-,-,-,-,-
time_series_emotions_neg_forecast_14_7_prophet_errors.csv,time_series_emotions_neg_forecast_14_7_var_p12_errors.csv,-,small,medium,-,medium
time_series_emotions_neg_forecast_14_7_prophet_errors.csv,time_series_emotions_neg_forecast_21_7_arima_p19_errors.csv,-,-,-,-,-
time_series_emotions_neg_forecast_14_7_prophet_errors.csv,time_series_emotions_neg_forecast_21_7_mae_rmsprop_errors.csv,-,-,-,-,-
time_series_emotions_neg_forecast_14_7_prophet_errors.csv,time_series_emotions_neg_forecast_21_7_mae_sgd_errors.csv,-,-,-,-,-
time_series_emotions_neg_forecast_14_7_prophet_errors.csv,time_series_emotions_neg_forecast_21_7_mse_rmsprop_errors.csv,-,-,-,-,-
time_series_emotions_neg_forecast_14_7_prophet_errors.csv,time_series_emotions_neg_forecast_21_7_mse_sgd_errors.csv,-,-,-,-,-
time_series_emotions_neg_forecast_14_7_prophet_errors.csv,time_series_emotions_neg_forecast_21_7_prophet_errors.csv,-,small,-,-,-
time_series_emotions_neg_forecast_14_7_prophet_errors.csv,time_series_emotions_neg_forecast_21_7_var_p19_errors.csv,-,small,medium,-,medium
time_series_emotions_neg_forecast_14_7_prophet_errors.csv,time_series_emotions_neg_forecast_7_7_arima_p5_errors.csv,small,small,medium,small,-
time_series_emotions_neg_forecast_14_7_prophet_errors.csv,time_series_emotions_neg_forecast_7_7_mae_rmsprop_errors.csv,-,-,-,-,-
time_series_emotions_neg_forecast_14_7_prophet_errors.csv,time_series_emotions_neg_forecast_7_7_mae_sgd_errors.csv,-,-,-,-,-
time_series_emotions_neg_forecast_14_7_prophet_errors.csv,time_series_emotions_neg_forecast_7_7_mse_rmsprop_errors.csv,-,-,-,-,-
time_series_emotions_neg_forecast_14_7_prophet_errors.csv,time_series_emotions_neg_forecast_7_7_mse_sgd_errors.csv,-,-,-,-,-
time_series_emotions_neg_forecast_14_7_prophet_errors.csv,time_series_emotions_neg_forecast_7_7_prophet_errors.csv,-,medium,medium,small,small
time_series_emotions_neg_forecast_14_7_prophet_errors.csv,time_series_emotions_neg_forecast_7_7_var_p5_errors.csv,-,-,-,-,small
time_series_emotions_neg_forecast_14_7_var_p12_errors.csv,time_series_emotions_neg_forecast_14_7_arima_p12_errors.csv,medium,-,-,-,-
time_series_emotions_neg_forecast_14_7_var_p12_errors.csv,time_series_emotions_neg_forecast_14_7_mae_rmsprop_errors.csv,-,-,-,-,-
time_series_emotions_neg_forecast_14_7_var_p12_errors.csv,time_series_emotions_neg_forecast_14_7_mae_sgd_errors.csv,-,-,-,-,-
time_series_emotions_neg_forecast_14_7_var_p12_errors.csv,time_series_emotions_neg_forecast_14_7_mse_rmsprop_errors.csv,small,-,-,-,-
time_series_emotions_neg_forecast_14_7_var_p12_errors.csv,time_series_emotions_neg_forecast_14_7_mse_sgd_errors.csv,-,-,-,-,-
time_series_emotions_neg_forecast_14_7_var_p12_errors.csv,time_series_emotions_neg_forecast_14_7_prophet_errors.csv,medium,-,-,-,-
time_series_emotions_neg_forecast_14_7_var_p12_errors.csv,time_series_emotions_neg_forecast_21_7_arima_p19_errors.csv,-,-,-,-,-
time_series_emotions_neg_forecast_14_7_var_p12_errors.csv,time_series_emotions_neg_forecast_21_7_mae_rmsprop_errors.csv,-,-,-,-,-
time_series_emotions_neg_forecast_14_7_var_p12_errors.csv,time_series_emotions_neg_forecast_21_7_mae_sgd_errors.csv,-,-,-,-,-
time_series_emotions_neg_forecast_14_7_var_p12_errors.csv,time_series_emotions_neg_forecast_21_7_mse_rmsprop_errors.csv,-,-,-,-,-
time_series_emotions_neg_forecast_14_7_var_p12_errors.csv,time_series_emotions_neg_forecast_21_7_mse_sgd_errors.csv,-,-,-,-,-
time_series_emotions_neg_forecast_14_7_var_p12_errors.csv,time_series_emotions_neg_forecast_21_7_prophet_errors.csv,medium,-,-,-,-
time_series_emotions_neg_forecast_14_7_var_p12_errors.csv,time_series_emotions_neg_forecast_21_7_var_p19_errors.csv,-,-,-,-,-
time_series_emotions_neg_forecast_14_7_var_p12_errors.csv,time_series_emotions_neg_forecast_7_7_arima_p5_errors.csv,medium,-,-,small,-
time_series_emotions_neg_forecast_14_7_var_p12_errors.csv,time_series_emotions_neg_forecast_7_7_mae_rmsprop_errors.csv,-,-,-,-,-
time_series_emotions_neg_forecast_14_7_var_p12_errors.csv,time_series_emotions_neg_forecast_7_7_mae_sgd_errors.csv,-,-,-,-,-
time_series_emotions_neg_forecast_14_7_var_p12_errors.csv,time_series_emotions_neg_forecast_7_7_mse_rmsprop_errors.csv,-,-,-,-,-
time_series_emotions_neg_forecast_14_7_var_p12_errors.csv,time_series_emotions_neg_forecast_7_7_mse_sgd_errors.csv,-,-,-,-,-
time_series_emotions_neg_forecast_14_7_var_p12_errors.csv,time_series_emotions_neg_forecast_7_7_prophet_errors.csv,medium,-,-,small,-
time_series_emotions_neg_forecast_14_7_var_p12_errors.csv,time_series_emotions_neg_forecast_7_7_var_p5_errors.csv,-,-,-,-,-
time_series_emotions_neg_forecast_21_7_arima_p19_errors.csv,time_series_emotions_neg_forecast_14_7_arima_p12_errors.csv,large,-,small,medium,-
time_series_emotions_neg_forecast_21_7_arima_p19_errors.csv,time_series_emotions_neg_forecast_14_7_mae_rmsprop_errors.csv,medium,-,-,medium,-
time_series_emotions_neg_forecast_21_7_arima_p19_errors.csv,time_series_emotions_neg_forecast_14_7_mae_sgd_errors.csv,medium,-,-,small,-
time_series_emotions_neg_forecast_21_7_arima_p19_errors.csv,time_series_emotions_neg_forecast_14_7_mse_rmsprop_errors.csv,large,-,-,medium,-
time_series_emotions_neg_forecast_21_7_arima_p19_errors.csv,time_series_emotions_neg_forecast_14_7_mse_sgd_errors.csv,medium,-,-,small,-
time_series_emotions_neg_forecast_21_7_arima_p19_errors.csv,time_series_emotions_neg_forecast_14_7_prophet_errors.csv,large,-,-,medium,-
time_series_emotions_neg_forecast_21_7_arima_p19_errors.csv,time_series_emotions_neg_forecast_14_7_var_p12_errors.csv,medium,medium,medium,medium,medium
time_series_emotions_neg_forecast_21_7_arima_p19_errors.csv,time_series_emotions_neg_forecast_21_7_mae_rmsprop_errors.csv,medium,-,-,small,-
time_series_emotions_neg_forecast_21_7_arima_p19_errors.csv,time_series_emotions_neg_forecast_21_7_mae_sgd_errors.csv,medium,-,-,small,-
time_series_emotions_neg_forecast_21_7_arima_p19_errors.csv,time_series_emotions_neg_forecast_21_7_mse_rmsprop_errors.csv,medium,-,-,medium,-
time_series_emotions_neg_forecast_21_7_arima_p19_errors.csv,time_series_emotions_neg_forecast_21_7_mse_sgd_errors.csv,medium,-,-,small,-
time_series_emotions_neg_forecast_21_7_arima_p19_errors.csv,time_series_emotions_neg_forecast_21_7_prophet_errors.csv,large,small,-,medium,-
time_series_emotions_neg_forecast_21_7_arima_p19_errors.csv,time_series_emotions_neg_forecast_21_7_var_p19_errors.csv,medium,small,medium,medium,medium
time_series_emotions_neg_forecast_21_7_arima_p19_errors.csv,time_series_emotions_neg_forecast_7_7_arima_p5_errors.csv,large,medium,medium,large,-
time_series_emotions_neg_forecast_21_7_arima_p19_errors.csv,time_series_emotions_neg_forecast_7_7_mae_rmsprop_errors.csv,large,-,-,medium,-
time_series_emotions_neg_forecast_21_7_arima_p19_errors.csv,time_series_emotions_neg_forecast_7_7_mae_sgd_errors.csv,medium,-,-,small,-
time_series_emotions_neg_forecast_21_7_arima_p19_errors.csv,time_series_emotions_neg_forecast_7_7_mse_rmsprop_errors.csv,large,-,-,medium,-
time_series_emotions_neg_forecast_21_7_arima_p19_errors.csv,time_series_emotions_neg_forecast_7_7_mse_sgd_errors.csv,medium,-,-,small,-
time_series_emotions_neg_forecast_21_7_arima_p19_errors.csv,time_series_emotions_neg_forecast_7_7_prophet_errors.csv,large,medium,medium,large,small
time_series_emotions_neg_forecast_21_7_arima_p19_errors.csv,time_series_emotions_neg_forecast_7_7_var_p5_errors.csv,small,-,-,small,small
time_series_emotions_neg_forecast_21_7_mae_rmsprop_errors.csv,time_series_emotions_neg_forecast_14_7_arima_p12_errors.csv,small,-,-,small,small
time_series_emotions_neg_forecast_21_7_mae_rmsprop_errors.csv,time_series_emotions_neg_forecast_14_7_mae_rmsprop_errors.csv,-,-,-,-,-
time_series_emotions_neg_forecast_21_7_mae_rmsprop_errors.csv,time_series_emotions_neg_forecast_14_7_mae_sgd_errors.csv,-,-,-,-,-
time_series_emotions_neg_forecast_21_7_mae_rmsprop_errors.csv,time_series_emotions_neg_forecast_14_7_mse_rmsprop_errors.csv,-,-,-,-,-
time_series_emotions_neg_forecast_21_7_mae_rmsprop_errors.csv,time_series_emotions_neg_forecast_14_7_mse_sgd_errors.csv,-,-,-,-,-
time_series_emotions_neg_forecast_21_7_mae_rmsprop_errors.csv,time_series_emotions_neg_forecast_14_7_prophet_errors.csv,small,-,-,small,medium
time_series_emotions_neg_forecast_21_7_mae_rmsprop_errors.csv,time_series_emotions_neg_forecast_14_7_var_p12_errors.csv,-,medium,medium,-,large
time_series_emotions_neg_forecast_21_7_mae_rmsprop_errors.csv,time_series_emotions_neg_forecast_21_7_arima_p19_errors.csv,-,-,-,-,medium
time_series_emotions_neg_forecast_21_7_mae_rmsprop_errors.csv,time_series_emotions_neg_forecast_21_7_mae_sgd_errors.csv,-,-,-,-,-
time_series_emotions_neg_forecast_21_7_mae_rmsprop_errors.csv,time_series_emotions_neg_forecast_21_7_mse_rmsprop_errors.csv,-,-,-,small,-
time_series_emotions_neg_forecast_21_7_mae_rmsprop_errors.csv,time_series_emotions_neg_forecast_21_7_mse_sgd_errors.csv,-,-,-,-,-
time_series_emotions_neg_forecast_21_7_mae_rmsprop_errors.csv,time_series_emotions_neg_forecast_21_7_prophet_errors.csv,small,small,-,small,medium
time_series_emotions_neg_forecast_21_7_mae_rmsprop_errors.csv,time_series_emotions_neg_forecast_21_7_var_p19_errors.csv,-,small,small,-,large
time_series_emotions_neg_forecast_21_7_mae_rmsprop_errors.csv,time_series_emotions_neg_forecast_7_7_arima_p5_errors.csv,medium,small,medium,medium,medium
time_series_emotions_neg_forecast_21_7_mae_rmsprop_errors.csv,time_series_emotions_neg_forecast_7_7_mae_rmsprop_errors.csv,-,-,-,small,-
time_series_emotions_neg_forecast_21_7_mae_rmsprop_errors.csv,time_series_emotions_neg_forecast_7_7_mae_sgd_errors.csv,-,-,-,-,-
time_series_emotions_neg_forecast_21_7_mae_rmsprop_errors.csv,time_series_emotions_neg_forecast_7_7_mse_rmsprop_errors.csv,-,-,-,small,small
time_series_emotions_neg_forecast_21_7_mae_rmsprop_errors.csv,time_series_emotions_neg_forecast_7_7_mse_sgd_errors.csv,-,-,-,-,-
time_series_emotions_neg_forecast_21_7_mae_rmsprop_errors.csv,time_series_emotions_neg_forecast_7_7_prophet_errors.csv,small,medium,small,medium,medium
time_series_emotions_neg_forecast_21_7_mae_rmsprop_errors.csv,time_series_emotions_neg_forecast_7_7_var_p5_errors.csv,-,-,-,-,medium
time_series_emotions_neg_forecast_21_7_mae_sgd_errors.csv,time_series_emotions_neg_forecast_14_7_arima_p12_errors.csv,small,medium,small,medium,small
time_series_emotions_neg_forecast_21_7_mae_sgd_errors.csv,time_series_emotions_neg_forecast_14_7_mae_rmsprop_errors.csv,-,small,-,-,-
time_series_emotions_neg_forecast_21_7_mae_sgd_errors.csv,time_series_emotions_neg_forecast_14_7_mae_sgd_errors.csv,-,-,-,-,-
time_series_emotions_neg_forecast_21_7_mae_sgd_errors.csv,time_series_emotions_neg_forecast_14_7_mse_rmsprop_errors.csv,small,medium,-,small,-
time_series_emotions_neg_forecast_21_7_mae_sgd_errors.csv,time_series_emotions_neg_forecast_14_7_mse_sgd_errors.csv,-,small,-,-,-
time_series_emotions_neg_forecast_21_7_mae_sgd_errors.csv,time_series_emotions_neg_forecast_14_7_prophet_errors.csv,small,medium,-,small,medium
time_series_emotions_neg_forecast_21_7_mae_sgd_errors.csv,time_series_emotions_neg_forecast_14_7_var_p12_errors.csv,-,large,medium,small,large
time_series_emotions_neg_forecast_21_7_mae_sgd_errors.csv,time_series_emotions_neg_forecast_21_7_arima_p19_errors.csv,-,small,-,-,medium
time_series_emotions_neg_forecast_21_7_mae_sgd_errors.csv,time_series_emotions_neg_forecast_21_7_mae_rmsprop_errors.csv,-,small,-,-,-
time_series_emotions_neg_forecast_21_7_mae_sgd_errors.csv,time_series_emotions_neg_forecast_21_7_mse_rmsprop_errors.csv,-,small,-,small,-
time_series_emotions_neg_forecast_21_7_mae_sgd_errors.csv,time_series_emotions_neg_forecast_21_7_mse_sgd_errors.csv,-,-,-,-,-
time_series_emotions_neg_forecast_21_7_mae_sgd_errors.csv,time_series_emotions_neg_forecast_21_7_prophet_errors.csv,small,large,-,medium,small
time_series_emotions_neg_forecast_21_7_mae_sgd_errors.csv,time_series_emotions_neg_forecast_21_7_var_p19_errors.csv,-,medium,medium,-,large
time_series_emotions_neg_forecast_21_7_mae_sgd_errors.csv,time_series_emotions_neg_forecast_7_7_arima_p5_errors.csv,medium,medium,medium,medium,medium
time_series_emotions_neg_forecast_21_7_mae_sgd_errors.csv,time_series_emotions_neg_forecast_7_7_mae_rmsprop_errors.csv,-,medium,-,small,-
time_series_emotions_neg_forecast_21_7_mae_sgd_errors.csv,time_series_emotions_neg_forecast_7_7_mae_sgd_errors.csv,-,small,-,-,-
time_series_emotions_neg_forecast_21_7_mae_sgd_errors.csv,time_series_emotions_neg_forecast_7_7_mse_rmsprop_errors.csv,-,medium,-,small,-
time_series_emotions_neg_forecast_21_7_mae_sgd_errors.csv,time_series_emotions_neg_forecast_7_7_mse_sgd_errors.csv,negligible,small,-,-,-
time_series_emotions_neg_forecast_21_7_mae_sgd_errors.csv,time_series_emotions_neg_forecast_7_7_prophet_errors.csv,small,large,medium,medium,medium
time_series_emotions_neg_forecast_21_7_mae_sgd_errors.csv,time_series_emotions_neg_forecast_7_7_var_p5_errors.csv,-,small,-,-,medium
time_series_emotions_neg_forecast_21_7_mse_rmsprop_errors.csv,time_series_emotions_neg_forecast_14_7_arima_p12_errors.csv,small,-,-,small,small
time_series_emotions_neg_forecast_21_7_mse_rmsprop_errors.csv,time_series_emotions_neg_forecast_14_7_mae_rmsprop_errors.csv,-,-,-,-,-
time_series_emotions_neg_forecast_21_7_mse_rmsprop_errors.csv,time_series_emotions_neg_forecast_14_7_mae_sgd_errors.csv,-,-,-,-,-
time_series_emotions_neg_forecast_21_7_mse_rmsprop_errors.csv,time_series_emotions_neg_forecast_14_7_mse_rmsprop_errors.csv,-,-,-,-,-
time_series_emotions_neg_forecast_21_7_mse_rmsprop_errors.csv,time_series_emotions_neg_forecast_14_7_mse_sgd_errors.csv,-,-,-,-,-
time_series_emotions_neg_forecast_21_7_mse_rmsprop_errors.csv,time_series_emotions_neg_forecast_14_7_prophet_errors.csv,small,-,-,-,small
time_series_emotions_neg_forecast_21_7_mse_rmsprop_errors.csv,time_series_emotions_neg_forecast_14_7_var_p12_errors.csv,-,medium,medium,-,large
time_series_emotions_neg_forecast_21_7_mse_rmsprop_errors.csv,time_series_emotions_neg_forecast_21_7_arima_p19_errors.csv,-,-,-,-,medium
time_series_emotions_neg_forecast_21_7_mse_rmsprop_errors.csv,time_series_emotions_neg_forecast_21_7_mae_rmsprop_errors.csv,-,-,-,-,-
time_series_emotions_neg_forecast_21_7_mse_rmsprop_errors.csv,time_series_emotions_neg_forecast_21_7_mae_sgd_errors.csv,-,-,-,-,-
time_series_emotions_neg_forecast_21_7_mse_rmsprop_errors.csv,time_series_emotions_neg_forecast_21_7_mse_sgd_errors.csv,-,-,-,-,-
time_series_emotions_neg_forecast_21_7_mse_rmsprop_errors.csv,time_series_emotions_neg_forecast_21_7_prophet_errors.csv,small,small,-,-,small
time_series_emotions_neg_forecast_21_7_mse_rmsprop_errors.csv,time_series_emotions_neg_forecast_21_7_var_p19_errors.csv,-,small,small,-,medium
time_series_emotions_neg_forecast_21_7_mse_rmsprop_errors.csv,time_series_emotions_neg_forecast_7_7_arima_p5_errors.csv,medium,medium,medium,small,medium
time_series_emotions_neg_forecast_21_7_mse_rmsprop_errors.csv,time_series_emotions_neg_forecast_7_7_mae_rmsprop_errors.csv,-,-,-,-,-
time_series_emotions_neg_forecast_21_7_mse_rmsprop_errors.csv,time_series_emotions_neg_forecast_7_7_mae_sgd_errors.csv,-,-,-,-,-
time_series_emotions_neg_forecast_21_7_mse_rmsprop_errors.csv,time_series_emotions_neg_forecast_7_7_mse_rmsprop_errors.csv,-,-,-,-,-
time_series_emotions_neg_forecast_21_7_mse_rmsprop_errors.csv,time_series_emotions_neg_forecast_7_7_mse_sgd_errors.csv,-,-,-,-,-
time_series_emotions_neg_forecast_21_7_mse_rmsprop_errors.csv,time_series_emotions_neg_forecast_7_7_prophet_errors.csv,small,medium,small,medium,medium
time_series_emotions_neg_forecast_21_7_mse_rmsprop_errors.csv,time_series_emotions_neg_forecast_7_7_var_p5_errors.csv,-,-,-,-,medium
time_series_emotions_neg_forecast_21_7_mse_sgd_errors.csv,time_series_emotions_neg_forecast_14_7_arima_p12_errors.csv,small,medium,small,medium,small
time_series_emotions_neg_forecast_21_7_mse_sgd_errors.csv,time_series_emotions_neg_forecast_14_7_mae_rmsprop_errors.csv,-,small,-,-,-
time_series_emotions_neg_forecast_21_7_mse_sgd_errors.csv,time_series_emotions_neg_forecast_14_7_mae_sgd_errors.csv,-,-,-,-,-
time_series_emotions_neg_forecast_21_7_mse_sgd_errors.csv,time_series_emotions_neg_forecast_14_7_mse_rmsprop_errors.csv,small,small,-,small,-
time_series_emotions_neg_forecast_21_7_mse_sgd_errors.csv,time_series_emotions_neg_forecast_14_7_mse_sgd_errors.csv,-,-,-,-,-
time_series_emotions_neg_forecast_21_7_mse_sgd_errors.csv,time_series_emotions_neg_forecast_14_7_prophet_errors.csv,small,small,-,small,medium
time_series_emotions_neg_forecast_21_7_mse_sgd_errors.csv,time_series_emotions_neg_forecast_14_7_var_p12_errors.csv,-,large,medium,small,large
time_series_emotions_neg_forecast_21_7_mse_sgd_errors.csv,time_series_emotions_neg_forecast_21_7_arima_p19_errors.csv,-,small,-,-,medium
time_series_emotions_neg_forecast_21_7_mse_sgd_errors.csv,time_series_emotions_neg_forecast_21_7_mae_rmsprop_errors.csv,-,small,-,-,-
time_series_emotions_neg_forecast_21_7_mse_sgd_errors.csv,time_series_emotions_neg_forecast_21_7_mae_sgd_errors.csv,-,-,-,-,-
time_series_emotions_neg_forecast_21_7_mse_sgd_errors.csv,time_series_emotions_neg_forecast_21_7_mse_rmsprop_errors.csv,-,small,-,small,-
time_series_emotions_neg_forecast_21_7_mse_sgd_errors.csv,time_series_emotions_neg_forecast_21_7_prophet_errors.csv,small,medium,-,medium,small
time_series_emotions_neg_forecast_21_7_mse_sgd_errors.csv,time_series_emotions_neg_forecast_21_7_var_p19_errors.csv,-,medium,medium,-,large
time_series_emotions_neg_forecast_21_7_mse_sgd_errors.csv,time_series_emotions_neg_forecast_7_7_arima_p5_errors.csv,medium,medium,medium,medium,medium
time_series_emotions_neg_forecast_21_7_mse_sgd_errors.csv,time_series_emotions_neg_forecast_7_7_mae_rmsprop_errors.csv,-,small,-,small,-
time_series_emotions_neg_forecast_21_7_mse_sgd_errors.csv,time_series_emotions_neg_forecast_7_7_mae_sgd_errors.csv,-,small,-,-,-
time_series_emotions_neg_forecast_21_7_mse_sgd_errors.csv,time_series_emotions_neg_forecast_7_7_mse_rmsprop_errors.csv,-,medium,-,small,-
time_series_emotions_neg_forecast_21_7_mse_sgd_errors.csv,time_series_emotions_neg_forecast_7_7_mse_sgd_errors.csv,negligible,small,-,-,-
time_series_emotions_neg_forecast_21_7_mse_sgd_errors.csv,time_series_emotions_neg_forecast_7_7_prophet_errors.csv,small,large,medium,medium,medium
time_series_emotions_neg_forecast_21_7_mse_sgd_errors.csv,time_series_emotions_neg_forecast_7_7_var_p5_errors.csv,-,small,-,-,medium
time_series_emotions_neg_forecast_21_7_prophet_errors.csv,time_series_emotions_neg_forecast_14_7_arima_p12_errors.csv,-,-,-,-,-
time_series_emotions_neg_forecast_21_7_prophet_errors.csv,time_series_emotions_neg_forecast_14_7_mae_rmsprop_errors.csv,-,-,-,-,-
time_series_emotions_neg_forecast_21_7_prophet_errors.csv,time_series_emotions_neg_forecast_14_7_mae_sgd_errors.csv,-,-,-,-,-
time_series_emotions_neg_forecast_21_7_prophet_errors.csv,time_series_emotions_neg_forecast_14_7_mse_rmsprop_errors.csv,-,-,-,-,-
time_series_emotions_neg_forecast_21_7_prophet_errors.csv,time_series_emotions_neg_forecast_14_7_mse_sgd_errors.csv,-,-,-,-,-
time_series_emotions_neg_forecast_21_7_prophet_errors.csv,time_series_emotions_neg_forecast_14_7_prophet_errors.csv,-,-,-,-,-
time_series_emotions_neg_forecast_21_7_prophet_errors.csv,time_series_emotions_neg_forecast_14_7_var_p12_errors.csv,-,small,medium,-,medium
time_series_emotions_neg_forecast_21_7_prophet_errors.csv,time_series_emotions_neg_forecast_21_7_arima_p19_errors.csv,-,-,-,-,-
time_series_emotions_neg_forecast_21_7_prophet_errors.csv,time_series_emotions_neg_forecast_21_7_mae_rmsprop_errors.csv,-,-,-,-,-
time_series_emotions_neg_forecast_21_7_prophet_errors.csv,time_series_emotions_neg_forecast_21_7_mae_sgd_errors.csv,-,-,-,-,-
time_series_emotions_neg_forecast_21_7_prophet_errors.csv,time_series_emotions_neg_forecast_21_7_mse_rmsprop_errors.csv,-,-,-,-,-
time_series_emotions_neg_forecast_21_7_prophet_errors.csv,time_series_emotions_neg_forecast_21_7_mse_sgd_errors.csv,-,-,-,-,-
time_series_emotions_neg_forecast_21_7_prophet_errors.csv,time_series_emotions_neg_forecast_21_7_var_p19_errors.csv,-,-,medium,-,medium
time_series_emotions_neg_forecast_21_7_prophet_errors.csv,time_series_emotions_neg_forecast_7_7_arima_p5_errors.csv,-,-,medium,small,-
time_series_emotions_neg_forecast_21_7_prophet_errors.csv,time_series_emotions_neg_forecast_7_7_mae_rmsprop_errors.csv,-,-,-,-,-
time_series_emotions_neg_forecast_21_7_prophet_errors.csv,time_series_emotions_neg_forecast_7_7_mae_sgd_errors.csv,-,-,-,-,-
time_series_emotions_neg_forecast_21_7_prophet_errors.csv,time_series_emotions_neg_forecast_7_7_mse_rmsprop_errors.csv,-,-,-,-,-
time_series_emotions_neg_forecast_21_7_prophet_errors.csv,time_series_emotions_neg_forecast_7_7_mse_sgd_errors.csv,-,-,-,-,-
time_series_emotions_neg_forecast_21_7_prophet_errors.csv,time_series_emotions_neg_forecast_7_7_prophet_errors.csv,-,small,medium,small,small
time_series_emotions_neg_forecast_21_7_prophet_errors.csv,time_series_emotions_neg_forecast_7_7_var_p5_errors.csv,-,-,-,-,small
time_series_emotions_neg_forecast_21_7_var_p19_errors.csv,time_series_emotions_neg_forecast_14_7_arima_p12_errors.csv,medium,-,-,small,-
time_series_emotions_neg_forecast_21_7_var_p19_errors.csv,time_series_emotions_neg_forecast_14_7_mae_rmsprop_errors.csv,small,-,-,-,-
time_series_emotions_neg_forecast_21_7_var_p19_errors.csv,time_series_emotions_neg_forecast_14_7_mae_sgd_errors.csv,-,-,-,-,-
time_series_emotions_neg_forecast_21_7_var_p19_errors.csv,time_series_emotions_neg_forecast_14_7_mse_rmsprop_errors.csv,small,-,-,-,-
time_series_emotions_neg_forecast_21_7_var_p19_errors.csv,time_series_emotions_neg_forecast_14_7_mse_sgd_errors.csv,-,-,-,-,-
time_series_emotions_neg_forecast_21_7_var_p19_errors.csv,time_series_emotions_neg_forecast_14_7_prophet_errors.csv,medium,-,-,-,-
time_series_emotions_neg_forecast_21_7_var_p19_errors.csv,time_series_emotions_neg_forecast_14_7_var_p12_errors.csv,small,small,small,small,small
time_series_emotions_neg_forecast_21_7_var_p19_errors.csv,time_series_emotions_neg_forecast_21_7_arima_p19_errors.csv,-,-,-,-,-
time_series_emotions_neg_forecast_21_7_var_p19_errors.csv,time_series_emotions_neg_forecast_21_7_mae_rmsprop_errors.csv,small,-,-,-,-
time_series_emotions_neg_forecast_21_7_var_p19_errors.csv,time_series_emotions_neg_forecast_21_7_mae_sgd_errors.csv,-,-,-,-,-
time_series_emotions_neg_forecast_21_7_var_p19_errors.csv,time_series_emotions_neg_forecast_21_7_mse_rmsprop_errors.csv,small,-,-,-,-
time_series_emotions_neg_forecast_21_7_var_p19_errors.csv,time_series_emotions_neg_forecast_21_7_mse_sgd_errors.csv,-,-,-,-,-
time_series_emotions_neg_forecast_21_7_var_p19_errors.csv,time_series_emotions_neg_forecast_21_7_prophet_errors.csv,medium,-,-,-,-
time_series_emotions_neg_forecast_21_7_var_p19_errors.csv,time_series_emotions_neg_forecast_7_7_arima_p5_errors.csv,medium,-,-,medium,-
time_series_emotions_neg_forecast_21_7_var_p19_errors.csv,time_series_emotions_neg_forecast_7_7_mae_rmsprop_errors.csv,small,-,-,-,-
time_series_emotions_neg_forecast_21_7_var_p19_errors.csv,time_series_emotions_neg_forecast_7_7_mae_sgd_errors.csv,small,-,-,-,-
time_series_emotions_neg_forecast_21_7_var_p19_errors.csv,time_series_emotions_neg_forecast_7_7_mse_rmsprop_errors.csv,small,-,-,-,-
time_series_emotions_neg_forecast_21_7_var_p19_errors.csv,time_series_emotions_neg_forecast_7_7_mse_sgd_errors.csv,small,-,-,-,-
time_series_emotions_neg_forecast_21_7_var_p19_errors.csv,time_series_emotions_neg_forecast_7_7_prophet_errors.csv,medium,-,-,medium,-
time_series_emotions_neg_forecast_21_7_var_p19_errors.csv,time_series_emotions_neg_forecast_7_7_var_p5_errors.csv,-,-,-,-,-
time_series_emotions_neg_forecast_7_7_arima_p5_errors.csv,time_series_emotions_neg_forecast_14_7_arima_p12_errors.csv,-,-,-,-,-
time_series_emotions_neg_forecast_7_7_arima_p5_errors.csv,time_series_emotions_neg_forecast_14_7_mae_rmsprop_errors.csv,-,-,-,-,-
time_series_emotions_neg_forecast_7_7_arima_p5_errors.csv,time_series_emotions_neg_forecast_14_7_mae_sgd_errors.csv,-,-,-,-,-
time_series_emotions_neg_forecast_7_7_arima_p5_errors.csv,time_series_emotions_neg_forecast_14_7_mse_rmsprop_errors.csv,-,-,-,-,-
time_series_emotions_neg_forecast_7_7_arima_p5_errors.csv,time_series_emotions_neg_forecast_14_7_mse_sgd_errors.csv,-,-,-,-,-
time_series_emotions_neg_forecast_7_7_arima_p5_errors.csv,time_series_emotions_neg_forecast_14_7_prophet_errors.csv,-,-,-,-,-
time_series_emotions_neg_forecast_7_7_arima_p5_errors.csv,time_series_emotions_neg_forecast_14_7_var_p12_errors.csv,-,-,-,-,medium
time_series_emotions_neg_forecast_7_7_arima_p5_errors.csv,time_series_emotions_neg_forecast_21_7_arima_p19_errors.csv,-,-,-,-,-
time_series_emotions_neg_forecast_7_7_arima_p5_errors.csv,time_series_emotions_neg_forecast_21_7_mae_rmsprop_errors.csv,-,-,-,-,-
time_series_emotions_neg_forecast_7_7_arima_p5_errors.csv,time_series_emotions_neg_forecast_21_7_mae_sgd_errors.csv,-,-,-,-,-
time_series_emotions_neg_forecast_7_7_arima_p5_errors.csv,time_series_emotions_neg_forecast_21_7_mse_rmsprop_errors.csv,-,-,-,-,-
time_series_emotions_neg_forecast_7_7_arima_p5_errors.csv,time_series_emotions_neg_forecast_21_7_mse_sgd_errors.csv,-,-,-,-,-
time_series_emotions_neg_forecast_7_7_arima_p5_errors.csv,time_series_emotions_neg_forecast_21_7_prophet_errors.csv,-,-,-,-,-
time_series_emotions_neg_forecast_7_7_arima_p5_errors.csv,time_series_emotions_neg_forecast_21_7_var_p19_errors.csv,-,-,-,-,small
time_series_emotions_neg_forecast_7_7_arima_p5_errors.csv,time_series_emotions_neg_forecast_7_7_mae_rmsprop_errors.csv,-,-,-,-,-
time_series_emotions_neg_forecast_7_7_arima_p5_errors.csv,time_series_emotions_neg_forecast_7_7_mae_sgd_errors.csv,-,-,-,-,-
time_series_emotions_neg_forecast_7_7_arima_p5_errors.csv,time_series_emotions_neg_forecast_7_7_mse_rmsprop_errors.csv,-,-,-,-,-
time_series_emotions_neg_forecast_7_7_arima_p5_errors.csv,time_series_emotions_neg_forecast_7_7_mse_sgd_errors.csv,-,-,-,-,-
time_series_emotions_neg_forecast_7_7_arima_p5_errors.csv,time_series_emotions_neg_forecast_7_7_prophet_errors.csv,-,-,-,-,small
time_series_emotions_neg_forecast_7_7_arima_p5_errors.csv,time_series_emotions_neg_forecast_7_7_var_p5_errors.csv,-,-,-,-,-
time_series_emotions_neg_forecast_7_7_mae_rmsprop_errors.csv,time_series_emotions_neg_forecast_14_7_arima_p12_errors.csv,small,small,small,small,small
time_series_emotions_neg_forecast_7_7_mae_rmsprop_errors.csv,time_series_emotions_neg_forecast_14_7_mae_rmsprop_errors.csv,-,-,-,-,-
time_series_emotions_neg_forecast_7_7_mae_rmsprop_errors.csv,time_series_emotions_neg_forecast_14_7_mae_sgd_errors.csv,-,-,-,-,-
time_series_emotions_neg_forecast_7_7_mae_rmsprop_errors.csv,time_series_emotions_neg_forecast_14_7_mse_rmsprop_errors.csv,-,-,-,-,-
time_series_emotions_neg_forecast_7_7_mae_rmsprop_errors.csv,time_series_emotions_neg_forecast_14_7_mse_sgd_errors.csv,-,-,-,-,-
time_series_emotions_neg_forecast_7_7_mae_rmsprop_errors.csv,time_series_emotions_neg_forecast_14_7_prophet_errors.csv,small,-,-,small,medium
time_series_emotions_neg_forecast_7_7_mae_rmsprop_errors.csv,time_series_emotions_neg_forecast_14_7_var_p12_errors.csv,-,medium,medium,-,large
time_series_emotions_neg_forecast_7_7_mae_rmsprop_errors.csv,time_series_emotions_neg_forecast_21_7_arima_p19_errors.csv,-,-,-,-,medium
time_series_emotions_neg_forecast_7_7_mae_rmsprop_errors.csv,time_series_emotions_neg_forecast_21_7_mae_rmsprop_errors.csv,-,-,-,-,-
time_series_emotions_neg_forecast_7_7_mae_rmsprop_errors.csv,time_series_emotions_neg_forecast_21_7_mae_sgd_errors.csv,-,-,-,-,-
time_series_emotions_neg_forecast_7_7_mae_rmsprop_errors.csv,time_series_emotions_neg_forecast_21_7_mse_rmsprop_errors.csv,-,-,-,-,-
time_series_emotions_neg_forecast_7_7_mae_rmsprop_errors.csv,time_series_emotions_neg_forecast_21_7_mse_sgd_errors.csv,-,-,-,-,-
time_series_emotions_neg_forecast_7_7_mae_rmsprop_errors.csv,time_series_emotions_neg_forecast_21_7_prophet_errors.csv,small,small,-,small,small
time_series_emotions_neg_forecast_7_7_mae_rmsprop_errors.csv,time_series_emotions_neg_forecast_21_7_var_p19_errors.csv,-,small,medium,-,large
time_series_emotions_neg_forecast_7_7_mae_rmsprop_errors.csv,time_series_emotions_neg_forecast_7_7_arima_p5_errors.csv,medium,small,medium,medium,medium
time_series_emotions_neg_forecast_7_7_mae_rmsprop_errors.csv,time_series_emotions_neg_forecast_7_7_mae_sgd_errors.csv,-,-,-,-,-
time_series_emotions_neg_forecast_7_7_mae_rmsprop_errors.csv,time_series_emotions_neg_forecast_7_7_mse_rmsprop_errors.csv,-,-,-,-,-
time_series_emotions_neg_forecast_7_7_mae_rmsprop_errors.csv,time_series_emotions_neg_forecast_7_7_mse_sgd_errors.csv,-,-,-,-,-
time_series_emotions_neg_forecast_7_7_mae_rmsprop_errors.csv,time_series_emotions_neg_forecast_7_7_prophet_errors.csv,small,medium,medium,medium,medium
time_series_emotions_neg_forecast_7_7_mae_rmsprop_errors.csv,time_series_emotions_neg_forecast_7_7_var_p5_errors.csv,-,-,-,-,medium
time_series_emotions_neg_forecast_7_7_mae_sgd_errors.csv,time_series_emotions_neg_forecast_14_7_arima_p12_errors.csv,small,small,small,medium,small
time_series_emotions_neg_forecast_7_7_mae_sgd_errors.csv,time_series_emotions_neg_forecast_14_7_mae_rmsprop_errors.csv,-,-,-,-,-
time_series_emotions_neg_forecast_7_7_mae_sgd_errors.csv,time_series_emotions_neg_forecast_14_7_mae_sgd_errors.csv,-,-,-,-,-
time_series_emotions_neg_forecast_7_7_mae_sgd_errors.csv,time_series_emotions_neg_forecast_14_7_mse_rmsprop_errors.csv,-,small,-,small,-
time_series_emotions_neg_forecast_7_7_mae_sgd_errors.csv,time_series_emotions_neg_forecast_14_7_mse_sgd_errors.csv,-,-,-,-,-
time_series_emotions_neg_forecast_7_7_mae_sgd_errors.csv,time_series_emotions_neg_forecast_14_7_prophet_errors.csv,small,small,-,small,medium
time_series_emotions_neg_forecast_7_7_mae_sgd_errors.csv,time_series_emotions_neg_forecast_14_7_var_p12_errors.csv,-,medium,medium,small,large
time_series_emotions_neg_forecast_7_7_mae_sgd_errors.csv,time_series_emotions_neg_forecast_21_7_arima_p19_errors.csv,-,-,-,-,medium
time_series_emotions_neg_forecast_7_7_mae_sgd_errors.csv,time_series_emotions_neg_forecast_21_7_mae_rmsprop_errors.csv,-,-,-,-,-
time_series_emotions_neg_forecast_7_7_mae_sgd_errors.csv,time_series_emotions_neg_forecast_21_7_mae_sgd_errors.csv,-,-,-,-,-
time_series_emotions_neg_forecast_7_7_mae_sgd_errors.csv,time_series_emotions_neg_forecast_21_7_mse_rmsprop_errors.csv,-,-,-,small,-
time_series_emotions_neg_forecast_7_7_mae_sgd_errors.csv,time_series_emotions_neg_forecast_21_7_mse_sgd_errors.csv,-,-,-,-,-
time_series_emotions_neg_forecast_7_7_mae_sgd_errors.csv,time_series_emotions_neg_forecast_21_7_prophet_errors.csv,small,medium,-,small,small
time_series_emotions_neg_forecast_7_7_mae_sgd_errors.csv,time_series_emotions_neg_forecast_21_7_var_p19_errors.csv,-,medium,medium,-,large
time_series_emotions_neg_forecast_7_7_mae_sgd_errors.csv,time_series_emotions_neg_forecast_7_7_arima_p5_errors.csv,medium,medium,medium,medium,medium
time_series_emotions_neg_forecast_7_7_mae_sgd_errors.csv,time_series_emotions_neg_forecast_7_7_mae_rmsprop_errors.csv,-,small,-,small,-
time_series_emotions_neg_forecast_7_7_mae_sgd_errors.csv,time_series_emotions_neg_forecast_7_7_mse_rmsprop_errors.csv,-,small,-,small,-
time_series_emotions_neg_forecast_7_7_mae_sgd_errors.csv,time_series_emotions_neg_forecast_7_7_mse_sgd_errors.csv,negligible,-,-,-,-
time_series_emotions_neg_forecast_7_7_mae_sgd_errors.csv,time_series_emotions_neg_forecast_7_7_prophet_errors.csv,small,medium,medium,medium,medium
time_series_emotions_neg_forecast_7_7_mae_sgd_errors.csv,time_series_emotions_neg_forecast_7_7_var_p5_errors.csv,-,-,-,-,medium
time_series_emotions_neg_forecast_7_7_mse_rmsprop_errors.csv,time_series_emotions_neg_forecast_14_7_arima_p12_errors.csv,small,-,small,small,small
time_series_emotions_neg_forecast_7_7_mse_rmsprop_errors.csv,time_series_emotions_neg_forecast_14_7_mae_rmsprop_errors.csv,-,-,-,-,-
time_series_emotions_neg_forecast_7_7_mse_rmsprop_errors.csv,time_series_emotions_neg_forecast_14_7_mae_sgd_errors.csv,-,-,-,-,-
time_series_emotions_neg_forecast_7_7_mse_rmsprop_errors.csv,time_series_emotions_neg_forecast_14_7_mse_rmsprop_errors.csv,-,-,-,-,-
time_series_emotions_neg_forecast_7_7_mse_rmsprop_errors.csv,time_series_emotions_neg_forecast_14_7_mse_sgd_errors.csv,-,-,-,-,-
time_series_emotions_neg_forecast_7_7_mse_rmsprop_errors.csv,time_series_emotions_neg_forecast_14_7_prophet_errors.csv,small,-,-,-,small
time_series_emotions_neg_forecast_7_7_mse_rmsprop_errors.csv,time_series_emotions_neg_forecast_14_7_var_p12_errors.csv,-,medium,medium,-,large
time_series_emotions_neg_forecast_7_7_mse_rmsprop_errors.csv,time_series_emotions_neg_forecast_21_7_arima_p19_errors.csv,-,-,-,-,medium
time_series_emotions_neg_forecast_7_7_mse_rmsprop_errors.csv,time_series_emotions_neg_forecast_21_7_mae_rmsprop_errors.csv,-,-,-,-,-
time_series_emotions_neg_forecast_7_7_mse_rmsprop_errors.csv,time_series_emotions_neg_forecast_21_7_mae_sgd_errors.csv,-,-,-,-,-
time_series_emotions_neg_forecast_7_7_mse_rmsprop_errors.csv,time_series_emotions_neg_forecast_21_7_mse_rmsprop_errors.csv,-,-,-,-,-
time_series_emotions_neg_forecast_7_7_mse_rmsprop_errors.csv,time_series_emotions_neg_forecast_21_7_mse_sgd_errors.csv,-,-,-,-,-
time_series_emotions_neg_forecast_7_7_mse_rmsprop_errors.csv,time_series_emotions_neg_forecast_21_7_prophet_errors.csv,small,small,-,-,small
time_series_emotions_neg_forecast_7_7_mse_rmsprop_errors.csv,time_series_emotions_neg_forecast_21_7_var_p19_errors.csv,-,small,medium,-,medium
time_series_emotions_neg_forecast_7_7_mse_rmsprop_errors.csv,time_series_emotions_neg_forecast_7_7_arima_p5_errors.csv,medium,small,medium,small,medium
time_series_emotions_neg_forecast_7_7_mse_rmsprop_errors.csv,time_series_emotions_neg_forecast_7_7_mae_rmsprop_errors.csv,-,-,-,-,-
time_series_emotions_neg_forecast_7_7_mse_rmsprop_errors.csv,time_series_emotions_neg_forecast_7_7_mae_sgd_errors.csv,-,-,-,-,-
time_series_emotions_neg_forecast_7_7_mse_rmsprop_errors.csv,time_series_emotions_neg_forecast_7_7_mse_sgd_errors.csv,-,-,-,-,-
time_series_emotions_neg_forecast_7_7_mse_rmsprop_errors.csv,time_series_emotions_neg_forecast_7_7_prophet_errors.csv,small,medium,medium,medium,medium
time_series_emotions_neg_forecast_7_7_mse_rmsprop_errors.csv,time_series_emotions_neg_forecast_7_7_var_p5_errors.csv,-,-,-,-,medium
time_series_emotions_neg_forecast_7_7_mse_sgd_errors.csv,time_series_emotions_neg_forecast_14_7_arima_p12_errors.csv,small,small,small,medium,small
time_series_emotions_neg_forecast_7_7_mse_sgd_errors.csv,time_series_emotions_neg_forecast_14_7_mae_rmsprop_errors.csv,-,-,-,small,-
time_series_emotions_neg_forecast_7_7_mse_sgd_errors.csv,time_series_emotions_neg_forecast_14_7_mae_sgd_errors.csv,-,-,-,-,-
time_series_emotions_neg_forecast_7_7_mse_sgd_errors.csv,time_series_emotions_neg_forecast_14_7_mse_rmsprop_errors.csv,-,small,-,small,-
time_series_emotions_neg_forecast_7_7_mse_sgd_errors.csv,time_series_emotions_neg_forecast_14_7_mse_sgd_errors.csv,-,-,-,-,-
time_series_emotions_neg_forecast_7_7_mse_sgd_errors.csv,time_series_emotions_neg_forecast_14_7_prophet_errors.csv,small,small,small,small,medium
time_series_emotions_neg_forecast_7_7_mse_sgd_errors.csv,time_series_emotions_neg_forecast_14_7_var_p12_errors.csv,-,medium,medium,small,large
time_series_emotions_neg_forecast_7_7_mse_sgd_errors.csv,time_series_emotions_neg_forecast_21_7_arima_p19_errors.csv,-,-,-,-,medium
time_series_emotions_neg_forecast_7_7_mse_sgd_errors.csv,time_series_emotions_neg_forecast_21_7_mae_rmsprop_errors.csv,-,-,small,-,-
time_series_emotions_neg_forecast_7_7_mse_sgd_errors.csv,time_series_emotions_neg_forecast_21_7_mae_sgd_errors.csv,-,-,-,-,-
time_series_emotions_neg_forecast_7_7_mse_sgd_errors.csv,time_series_emotions_neg_forecast_21_7_mse_rmsprop_errors.csv,-,-,small,small,-
time_series_emotions_neg_forecast_7_7_mse_sgd_errors.csv,time_series_emotions_neg_forecast_21_7_mse_sgd_errors.csv,-,-,-,-,-
time_series_emotions_neg_forecast_7_7_mse_sgd_errors.csv,time_series_emotions_neg_forecast_21_7_prophet_errors.csv,small,medium,-,small,small
time_series_emotions_neg_forecast_7_7_mse_sgd_errors.csv,time_series_emotions_neg_forecast_21_7_var_p19_errors.csv,-,medium,medium,-,large
time_series_emotions_neg_forecast_7_7_mse_sgd_errors.csv,time_series_emotions_neg_forecast_7_7_arima_p5_errors.csv,medium,medium,medium,medium,medium
time_series_emotions_neg_forecast_7_7_mse_sgd_errors.csv,time_series_emotions_neg_forecast_7_7_mae_rmsprop_errors.csv,-,small,-,small,-
time_series_emotions_neg_forecast_7_7_mse_sgd_errors.csv,time_series_emotions_neg_forecast_7_7_mae_sgd_errors.csv,-,-,negligible,-,-
time_series_emotions_neg_forecast_7_7_mse_sgd_errors.csv,time_series_emotions_neg_forecast_7_7_mse_rmsprop_errors.csv,-,small,-,small,-
time_series_emotions_neg_forecast_7_7_mse_sgd_errors.csv,time_series_emotions_neg_forecast_7_7_prophet_errors.csv,small,medium,medium,medium,medium
time_series_emotions_neg_forecast_7_7_mse_sgd_errors.csv,time_series_emotions_neg_forecast_7_7_var_p5_errors.csv,-,-,-,-,medium
time_series_emotions_neg_forecast_7_7_prophet_errors.csv,time_series_emotions_neg_forecast_14_7_arima_p12_errors.csv,-,-,-,-,-
time_series_emotions_neg_forecast_7_7_prophet_errors.csv,time_series_emotions_neg_forecast_14_7_mae_rmsprop_errors.csv,-,-,-,-,-
time_series_emotions_neg_forecast_7_7_prophet_errors.csv,time_series_emotions_neg_forecast_14_7_mae_sgd_errors.csv,-,-,-,-,-
time_series_emotions_neg_forecast_7_7_prophet_errors.csv,time_series_emotions_neg_forecast_14_7_mse_rmsprop_errors.csv,-,-,-,-,-
time_series_emotions_neg_forecast_7_7_prophet_errors.csv,time_series_emotions_neg_forecast_14_7_mse_sgd_errors.csv,-,-,-,-,-
time_series_emotions_neg_forecast_7_7_prophet_errors.csv,time_series_emotions_neg_forecast_14_7_prophet_errors.csv,-,-,-,-,-
time_series_emotions_neg_forecast_7_7_prophet_errors.csv,time_series_emotions_neg_forecast_14_7_var_p12_errors.csv,-,-,small,-,medium
time_series_emotions_neg_forecast_7_7_prophet_errors.csv,time_series_emotions_neg_forecast_21_7_arima_p19_errors.csv,-,-,-,-,-
time_series_emotions_neg_forecast_7_7_prophet_errors.csv,time_series_emotions_neg_forecast_21_7_mae_rmsprop_errors.csv,-,-,-,-,-
time_series_emotions_neg_forecast_7_7_prophet_errors.csv,time_series_emotions_neg_forecast_21_7_mae_sgd_errors.csv,-,-,-,-,-
time_series_emotions_neg_forecast_7_7_prophet_errors.csv,time_series_emotions_neg_forecast_21_7_mse_rmsprop_errors.csv,-,-,-,-,-
time_series_emotions_neg_forecast_7_7_prophet_errors.csv,time_series_emotions_neg_forecast_21_7_mse_sgd_errors.csv,-,-,-,-,-
time_series_emotions_neg_forecast_7_7_prophet_errors.csv,time_series_emotions_neg_forecast_21_7_prophet_errors.csv,-,-,-,-,-
time_series_emotions_neg_forecast_7_7_prophet_errors.csv,time_series_emotions_neg_forecast_21_7_var_p19_errors.csv,-,-,-,-,small
time_series_emotions_neg_forecast_7_7_prophet_errors.csv,time_series_emotions_neg_forecast_7_7_arima_p5_errors.csv,small,-,-,-,-
time_series_emotions_neg_forecast_7_7_prophet_errors.csv,time_series_emotions_neg_forecast_7_7_mae_rmsprop_errors.csv,-,-,-,-,-
time_series_emotions_neg_forecast_7_7_prophet_errors.csv,time_series_emotions_neg_forecast_7_7_mae_sgd_errors.csv,-,-,-,-,-
time_series_emotions_neg_forecast_7_7_prophet_errors.csv,time_series_emotions_neg_forecast_7_7_mse_rmsprop_errors.csv,-,-,-,-,-
time_series_emotions_neg_forecast_7_7_prophet_errors.csv,time_series_emotions_neg_forecast_7_7_mse_sgd_errors.csv,-,-,-,-,-
time_series_emotions_neg_forecast_7_7_prophet_errors.csv,time_series_emotions_neg_forecast_7_7_var_p5_errors.csv,-,-,-,-,-
time_series_emotions_neg_forecast_7_7_var_p5_errors.csv,time_series_emotions_neg_forecast_14_7_arima_p12_errors.csv,medium,small,small,medium,-
time_series_emotions_neg_forecast_7_7_var_p5_errors.csv,time_series_emotions_neg_forecast_14_7_mae_rmsprop_errors.csv,medium,-,-,small,-
time_series_emotions_neg_forecast_7_7_var_p5_errors.csv,time_series_emotions_neg_forecast_14_7_mae_sgd_errors.csv,medium,-,-,-,-
time_series_emotions_neg_forecast_7_7_var_p5_errors.csv,time_series_emotions_neg_forecast_14_7_mse_rmsprop_errors.csv,medium,-,-,small,-
time_series_emotions_neg_forecast_7_7_var_p5_errors.csv,time_series_emotions_neg_forecast_14_7_mse_sgd_errors.csv,medium,-,-,-,-
time_series_emotions_neg_forecast_7_7_var_p5_errors.csv,time_series_emotions_neg_forecast_14_7_prophet_errors.csv,large,-,-,medium,-
time_series_emotions_neg_forecast_7_7_var_p5_errors.csv,time_series_emotions_neg_forecast_14_7_var_p12_errors.csv,small,medium,medium,medium,medium
time_series_emotions_neg_forecast_7_7_var_p5_errors.csv,time_series_emotions_neg_forecast_21_7_arima_p19_errors.csv,-,-,-,-,-
time_series_emotions_neg_forecast_7_7_var_p5_errors.csv,time_series_emotions_neg_forecast_21_7_mae_rmsprop_errors.csv,medium,-,-,small,-
time_series_emotions_neg_forecast_7_7_var_p5_errors.csv,time_series_emotions_neg_forecast_21_7_mae_sgd_errors.csv,medium,-,-,-,-
time_series_emotions_neg_forecast_7_7_var_p5_errors.csv,time_series_emotions_neg_forecast_21_7_mse_rmsprop_errors.csv,medium,-,-,small,-
time_series_emotions_neg_forecast_7_7_var_p5_errors.csv,time_series_emotions_neg_forecast_21_7_mse_sgd_errors.csv,medium,-,-,-,-
time_series_emotions_neg_forecast_7_7_var_p5_errors.csv,time_series_emotions_neg_forecast_21_7_prophet_errors.csv,large,small,-,medium,-
time_series_emotions_neg_forecast_7_7_var_p5_errors.csv,time_series_emotions_neg_forecast_21_7_var_p19_errors.csv,small,small,small,small,small
time_series_emotions_neg_forecast_7_7_var_p5_errors.csv,time_series_emotions_neg_forecast_7_7_arima_p5_errors.csv,large,small,medium,medium,-
time_series_emotions_neg_forecast_7_7_var_p5_errors.csv,time_series_emotions_neg_forecast_7_7_mae_rmsprop_errors.csv,medium,-,-,small,-
time_series_emotions_neg_forecast_7_7_var_p5_errors.csv,time_series_emotions_neg_forecast_7_7_mae_sgd_errors.csv,medium,-,-,-,-
time_series_emotions_neg_forecast_7_7_var_p5_errors.csv,time_series_emotions_neg_forecast_7_7_mse_rmsprop_errors.csv,medium,-,-,medium,-
time_series_emotions_neg_forecast_7_7_var_p5_errors.csv,time_series_emotions_neg_forecast_7_7_mse_sgd_errors.csv,medium,-,-,-,-
time_series_emotions_neg_forecast_7_7_var_p5_errors.csv,time_series_emotions_neg_forecast_7_7_prophet_errors.csv,large,medium,small,large,-
